id,pose_x,pose_y,pose_z,rot_x,rot_y,rot_z,rot_w,command,
0,0.0591736,-1.97704,0,0,0,0,1,
1,0.0833359,-3.71036,1.90735e-06,0,0,0,1,
2,4.17229,-3.87725,0,0,0,0,1,
3,4.12015,-2.34165,1.90735e-06,0,0,0,1,