id,pose_x,pose_y,pose_z,rot_x,rot_y,rot_z,rot_w,command,
0,0.420846,-2.92279,9.53675e-07,0,0,0,1,
1,4.7261,-3.40871,-3.81469e-06,0,0,0,1,
2,5.27978,-0.850161,9.53674e-07,0,0,0,1,
