id,pose_x,pose_y,pose_z,rot_x,rot_y,rot_z,rot_w,command,
0,1.10478,-1.28692,0,0,0,0,1,
1,3.20572,-2.09906,0,0,0,0,1,
2,5.7755,-2.20983,0,0,0,0,1,
3,6.3891,-0.564931,0,0,0,0,1,
4,5.25382,-2.57179,0,0,0,0,1,
5,2.73335,-1.74613,0,0,0,0,1,
6,0.348186,0.0173481,0,0,0,0,1,
